name,matches,wins,draws,losses,goals_for,goals_against,shots,shots_on_target,shots_against,shots_on_target_against,possession_pct,pass_accuracy_pct,fouls,corners,yellow_cards,red_cards
Amazonas,38,8,12,18,38,55,477,127,550,169,47.3,76.2,530,171,112,6
América-MG,38,12,10,16,41,44,514,170,475,144,53.8,81.8,473,206,88,3
Athletic Club,38,12,8,18,43,53,419,145,520,171,51.1,81.0,502,191,109,5
Athletico-PR,38,19,8,11,53,43,562,190,435,135,51.7,80.9,531,206,73,6
Atlético-GO,38,13,13,12,39,38,520,160,461,153,50.8,79.4,566,172,108,7
Avaí,38,14,14,10,50,40,504,175,563,182,47.9,78.9,478,181,82,9
Botafogo-SP,38,10,12,16,32,52,439,139,558,155,47.2,78.6,490,185,88,3
CRB,38,16,8,14,45,40,658,189,569,201,57.0,85.9,473,257,87,1
Chapecoense,38,18,8,12,52,35,527,177,617,163,47.2,79.8,458,191,84,4
Coritiba,38,19,11,8,39,23,475,139,486,137,52.5,84.0,489,201,109,5
Criciúma,38,17,10,11,47,33,514,156,520,140,49.3,76.6,563,197,100,7
Cuiabá,38,14,12,12,43,44,567,177,440,140,49.0,80.3,568,205,100,3
Ferroviária,38,8,16,14,43,52,510,155,547,182,49.4,80.6,460,163,97,11
Goiás,38,17,10,11,42,37,529,146,517,137,48.8,77.1,521,222,84,3
Novorizontino,38,15,15,8,43,32,561,155,466,161,50.8,79.9,502,201,88,9
Operário-PR,38,12,12,14,40,44,538,154,393,124,53.6,81.2,571,193,101,5
Paysandu,38,5,13,20,36,52,532,152,593,176,45.7,77.8,496,197,95,4
Remo,38,16,14,8,51,39,462,153,640,203,47.8,78.8,469,169,87,4
Vila Nova,38,11,14,13,40,44,462,150,505,143,45.5,74.7,623,166,103,10
Volta Redonda,38,8,12,18,26,43,589,162,504,155,53.7,83.8,488,205,90,4
