name,matches,wins,draws,losses,goals_for,goals_against,shots,shots_on_target,shots_against,shots_on_target_against,possession_pct,pass_accuracy_pct,fouls,corners,yellow_cards,red_cards,league_offset
Atlético-MG,38,12,12,14,43,44,513,166,419,151,51.9,90.4,472,223,90,8,0
Bahia,38,17,9,12,50,46,471,168,429,149,55.1,90.9,443,180,84,6,0
Botafogo,38,17,12,9,58,38,501,191,419,136,51.9,90.8,516,184,91,5,0
Bragantino,38,14,6,18,45,57,436,157,498,191,47.8,88.1,511,177,107,3,0
Ceará SC,38,11,10,17,34,40,413,152,444,156,41.3,86.2,497,166,85,2,0
Corinthians,38,12,11,15,42,47,394,136,426,134,55,90.2,501,177,106,5,0
Cruzeiro,38,19,13,6,55,31,469,182,430,152,48.6,87.9,513,221,105,5,0
EC Vitória,38,11,12,15,35,52,384,146,495,188,42.2,86.7,533,166,107,7,0
Flamengo,38,23,10,5,78,27,531,199,328,122,60.9,92.3,495,232,79,5,0
Fluminense,38,19,7,12,50,39,420,148,371,123,52.6,89.5,467,168,76,3,0
Fortaleza,38,11,10,17,43,58,464,162,469,196,44.3,87.6,492,213,107,7,0
Grêmio,38,13,10,15,47,50,426,161,516,183,45.3,89,465,153,103,5,0
Internacional,38,11,11,16,44,57,475,176,419,157,51,88.9,550,191,83,7,0
Juventude,38,9,8,21,35,69,373,133,500,184,44.2,87.8,568,155,106,5,0
Mirassol,38,18,13,7,63,39,446,182,480,175,52.1,88.9,431,202,86,1,0
Palmeiras,38,23,7,8,66,33,514,197,387,139,52.4,90,507,225,75,4,0
Santos,38,12,11,15,45,50,478,156,452,177,50.2,89.3,493,182,94,4,0
Sport Recife,38,2,11,25,28,75,414,143,554,225,46.3,87.9,503,213,94,3,0
São Paulo,38,14,9,15,43,47,399,134,443,161,51.8,89.3,523,181,96,2,0
Vasco da Gama,38,13,6,19,55,60,434,175,476,165,54.6,91.5,486,160,75,7,0
Amazonas,38,8,12,18,38,55,477,127,550,169,47.3,76.2,530,171,112,6,-8
América-MG,38,12,10,16,41,44,514,170,475,144,53.8,81.8,473,206,88,3,-8
Athletic Club,38,12,8,18,43,53,419,145,520,171,51.1,81,502,191,109,5,-8
Athletico-PR,38,19,8,11,53,43,562,190,435,135,51.7,80.9,531,206,73,6,-8
Atlético-GO,38,13,13,12,39,38,520,160,461,153,50.8,79.4,566,172,108,7,-8
Avaí,38,14,14,10,50,40,504,175,563,182,47.9,78.9,478,181,82,9,-8
Botafogo-SP,38,10,12,16,32,52,439,139,558,155,47.2,78.6,490,185,88,3,-8
CRB,38,16,8,14,45,40,658,189,569,201,57,85.9,473,257,87,1,-8
Chapecoense,38,18,8,12,52,35,527,177,617,163,47.2,79.8,458,191,84,4,-8
Coritiba,38,19,11,8,39,23,475,139,486,137,52.5,84,489,201,109,5,-8
Criciúma,38,17,10,11,47,33,514,156,520,140,49.3,76.6,563,197,100,7,-8
Cuiabá,38,14,12,12,43,44,567,177,440,140,49,80.3,568,205,100,3,-8
Ferroviária,38,8,16,14,43,52,510,155,547,182,49.4,80.6,460,163,97,11,-8
Goiás,38,17,10,11,42,37,529,146,517,137,48.8,77.1,521,222,84,3,-8
Novorizontino,38,15,15,8,43,32,561,155,466,161,50.8,79.9,502,201,88,9,-8
Operário-PR,38,12,12,14,40,44,538,154,393,124,53.6,81.2,571,193,101,5,-8
Paysandu,38,5,13,20,36,52,532,152,593,176,45.7,77.8,496,197,95,4,-8
Remo,38,16,14,8,51,39,462,153,640,203,47.8,78.8,469,169,87,4,-8
Vila Nova,38,11,14,13,40,44,462,150,505,143,45.5,74.7,623,166,103,10,-8
Volta Redonda,38,8,12,18,26,43,589,162,504,155,53.7,83.8,488,205,90,4,-8
ABC,19,2,12,5,20,25,205,52,144,50,35.3,58.1,229,91,62,4,-16
Anápolis,19,5,8,6,16,19,164,38,215,68,33.2,58.9,232,54,63,4,-16
Botafogo-PB,19,6,5,8,22,21,251,80,272,85,48.4,79.2,303,102,54,4,-16
Brusque,19,8,4,7,20,17,163,43,213,66,42.3,65.3,268,74,56,5,-16
CSA,19,5,7,7,21,23,262,79,226,69,53.2,80.6,291,108,54,4,-16
Caxias,19,12,1,6,26,21,195,68,243,72,47.5,74.1,283,100,47,1,-16
Confiança,19,7,5,7,21,22,291,97,230,67,50.5,77.8,257,103,53,3,-16
Figueirense,19,5,8,6,21,18,236,88,246,69,45.1,76.5,314,122,50,3,-16
Floresta,19,7,6,6,15,15,159,50,178,47,33.6,66.8,301,72,51,2,-16
Guarani,19,7,6,6,20,20,225,64,192,64,53.5,81,325,97,56,3,-16
Itabaiana,19,6,4,9,16,20,140,45,168,49,35.6,56.3,235,76,67,2,-16
Ituano,19,6,6,7,19,24,179,49,232,73,37.7,66.4,262,82,54,3,-16
Londrina,19,8,6,5,27,19,230,64,158,59,46.8,69,261,88,48,4,-16
Maringá,19,5,10,4,26,24,319,111,204,62,49.6,70.9,343,121,70,7,-16
Náutico,19,10,6,3,25,7,208,70,199,47,48.4,71.2,266,90,54,4,-16
Ponte Preta,19,11,3,5,20,16,210,69,231,63,53.8,80.1,313,94,59,5,-16
Retrô,19,3,5,11,7,22,181,46,239,76,41.8,66.7,258,80,57,3,-16
São Bernardo,19,8,6,5,19,15,251,82,181,56,54.8,79.4,235,100,53,3,-16
Tombense,19,2,8,9,14,23,162,43,220,68,39.8,65.3,206,54,45,2,-16
Ypiranga,19,7,4,8,17,21,179,40,219,68,43.8,67.7,251,67,56,4,-16
